commit	phase	tests_passing	tests_total	build_ok	status	description
5480fb9	STABILIZE	32	187	false	keep	baseline assessment - 9/11 test files fail, frontend type error
e083dd8	STABILIZE	32	187	true	keep	fix frontend build - type assertion in signup form
edc661c	STABILIZE	47	187	true	keep	graceful Prisma connection failure in test mode
395ad0d	STABILIZE	53	187	true	keep	fix infrastructure tests, add CORS to build(), health timeout
c44ee56	STABILIZE	53	187	true	keep	fix useWebSocket useEffect dependency warning
0a8e4ad	RESEARCH	53	187	true	keep	research notes - gap analysis PRD vs implementation
9fa682f	HARDEN	71	205	true	keep	add 18 balance calculator unit tests (all pass)
a3cbdef	HARDEN	111	245	true	keep	add 40 validation edge-case tests (currency, masking, hashing)
6cc70df	IMPLEMENT	111	245	true	keep	feat: balance visualization panel (Story 3.4)
64a426d	STABILIZE	111	245	true	keep	replace window.location.reload with React Query refetch
85931a5	HARDEN	138	272	true	keep	add 27 expense split tests with property testing
64a426d	STABILIZE	138	272	true	keep	replace window.reload with refetch
37968e9	IMPLEMENT	138	272	true	keep	feat: settlement recording modal with suggested payments
